country,continent,population,day,Cases,Recovered,Deaths,Tests
Afghanistan,Asia,40754388,2024-06-30,234174,211080,7996,1390730
Albania,Europe,2866374,2024-06-30,334863,330233,3605,1941032
Algeria,Africa,45350148,2024-06-30,272010,183061,6881,230960
Andorra,Europe,77463,2024-06-30,48015,,165,249838
Angola,Africa,35027343,2024-06-30,107327,103419,1937,1499795
Anguilla,North-America,15230,2024-06-30,3904,,12,51382
Antigua-and-Barbuda,North-America,99509,2024-06-30,9106,8954,146,18901
Argentina,South-America,46010234,2024-06-30,10128845,9997258,130841,35716069
Armenia,Asia,2971966,2024-06-30,451831,435162,8777,3242901
Aruba,North-America,107609,2024-06-30,44224,42438,292,177885
Australia,Oceania,26068792,2024-06-30,11853144,11820014,24414,81916639
Austria,Europe,9066710,2024-06-30,6081287,6054934,22542,211273524
Azerbaijan,Asia,10300205,2024-06-30,835234,824089,10400,7748050
Bahamas,North-America,400516,2024-06-30,38084,36366,844,257839
Bahrain,Asia,1783983,2024-06-30,729549,727915,1574,10948549
Bangladesh,Asia,167885689,2024-06-30,2049377,,29493,15254399
Barbados,North-America,288023,2024-06-30,110578,108647,648,814159
Belarus,Europe,9432800,2024-06-30,994037,985592,7118,13646641
Belgium,Europe,11668278,2024-06-30,4861695,4826798,34376,37454182
Belize,North-America,412190,2024-06-30,71409,,688,576016
Benin,Africa,12784726,2024-06-30,28036,27847,163,604310
Bermuda,North-America,61939,2024-06-30,18860,18685,165,1029558
Bhutan,Asia,787941,2024-06-30,62697,61564,21,2303734
Bolivia,South-America,11992656,2024-06-30,1212131,1177145,22407,2710261
Bosnia-and-Herzegovina,Europe,3249317,2024-06-30,403615,379084,16388,1884721
Botswana,Africa,2441162,2024-06-30,330638,327049,2801,2026898
Brazil,South-America,215353593,2024-06-30,38743918,36249161,711380,63776166
British-Virgin-Islands,North-America,30596,2024-06-30,7392,,64,107339
Brunei,Asia,445431,2024-06-30,343719,243601,225,717784
Bulgaria,Europe,6844597,2024-06-30,1339851,1292944,38748,11671043
Burkina-Faso,Africa,22102838,2024-06-30,22114,21596,400,248995
Burundi,Africa,12624840,2024-06-30,54721,53569,38,345742
CAR,Africa,5016678,2024-06-30,15440,15200,113,81294
Cabo-Verde,Africa,567678,2024-06-30,64477,63755,417,401622
Cambodia,Asia,17168639,2024-06-30,139103,136044,3056,3091420
Cameroon,Africa,27911548,2024-06-30,125379,123280,1974,1751774
Canada,North-America,38388419,2024-06-30,4946090,4881312,59034,66572774
Caribbean-Netherlands,North-America,26647,2024-06-30,11682,10476,38,30126
Cayman-Islands,North-America,67277,2024-06-30,31472,8553,37,222773
Chad,Africa,17413580,2024-06-30,7701,4874,194,191341
Channel-Islands,Europe,176463,2024-06-30,101717,101321,228,1252808
Chile,South-America,19250195,2024-06-30,5384853,5252450,64497,50382097
China,Asia,1448471400,2024-06-30,503302,379053,5272,160000000
Colombia,South-America,51512762,2024-06-30,6400173,6212152,143200,36951507
Comoros,Africa,907419,2024-06-30,9109,8939,161,
Congo,Africa,5797805,2024-06-30,25375,24006,386,347815
Cook-Islands,Oceania,17571,2024-06-30,7203,7150,2,19690
Costa-Rica,North-America,5182354,2024-06-30,1238883,,9428,4659757
Croatia,Europe,4059286,2024-06-30,1309728,1258432,18687,5660084
Cuba,North-America,11305652,2024-06-30,1115251,1106660,8530,14402674
Cura&ccedil;ao,North-America,165529,2024-06-30,45986,44720,295,496693
Cyprus,Asia,1223387,2024-06-30,681110,679745,1365,9640118
Czechia,Europe,10736784,2024-06-30,4759041,4715206,43517,57834241
DPRK,Asia,25990679,2024-06-30,4772813,4772739,74,
DRC,Africa,95240792,2024-06-30,99338,84489,1468,846704
Denmark,Europe,5834950,2024-06-30,3183756,3174942,8814,129333107
Diamond-Princess,,,2024-06-30,712,699,13,
Djibouti,Africa,1016097,2024-06-30,15690,15427,189,305941
Dominica,North-America,72344,2024-06-30,16038,15964,74,229344
Dominican-Republic,North-America,11056370,2024-06-30,675890,671316,4384,3740928
Ecuador,South-America,18113361,2024-06-30,1070188,1034145,36043,3082403
Egypt,Africa,106156692,2024-06-30,516023,442182,24613,3693367
El-Salvador,North-America,6550389,2024-06-30,201855,179410,4230,2610114
Equatorial-Guinea,Africa,1496662,2024-06-30,17229,16907,183,365697
Eritrea,Africa,3662244,2024-06-30,10189,10086,103,23693
Estonia,Europe,1321910,2024-06-30,628070,,3001,6968103
Eswatini,Africa,1184817,2024-06-30,75191,73116,1427,1048704
Ethiopia,Africa,120812698,2024-06-30,501157,488171,7574,5565340
Faeroe-Islands,Europe,49233,2024-06-30,34658,,28,778000
Falkland-Islands,South-America,3539,2024-06-30,1930,1930,,8632
Fiji,Oceania,909466,2024-06-30,69117,67226,885,672883
Finland,Europe,5554960,2024-06-30,1516117,1503989,11958,12108977
France,Europe,65584518,2024-06-30,40138560,39970918,167642,271490188
French-Guiana,South-America,314169,2024-06-30,98041,11254,420,651257
French-Polynesia,Oceania,284164,2024-06-30,79254,,650,
Gabon,Africa,2331533,2024-06-30,49051,48674,307,1621909
Gambia,Africa,2558482,2024-06-30,12626,12189,372,155686
Georgia,Asia,3968738,2024-06-30,1861665,,17132,16920079
Germany,Europe,83883596,2024-06-30,38828995,38240600,183027,122332384
Ghana,Africa,32395450,2024-06-30,171889,170425,1462,2541625
Gibraltar,Europe,33704,2024-06-30,20550,,113,534283
Greece,Europe,10316637,2024-06-30,6101379,,37869,102228365
Greenland,North-America,56973,2024-06-30,11971,2761,21,164926
Grenada,North-America,113475,2024-06-30,19693,19358,238,182981
Guadeloupe,North-America,399794,2024-06-30,203235,,1021,938039
Guatemala,North-America,18584039,2024-06-30,1291293,1269891,20289,7593848
Guinea,Africa,13865691,2024-06-30,38572,37757,468,660107
Guinea-Bissau,Africa,2063367,2024-06-30,9614,8929,177,145231
Guyana,South-America,794045,2024-06-30,74137,72013,1300,733218
Haiti,North-America,11680283,2024-06-30,34667,33734,860,132422
Honduras,North-America,10221247,2024-06-30,474590,,11165,1660662
Hong-Kong,Asia,7604299,2024-06-30,2937609,2916005,14924,76127725
Hungary,Europe,9606259,2024-06-30,2230232,2152155,49048,11394556
Iceland,Europe,345393,2024-06-30,209906,,229,1996384
India,Asia,1406631776,2024-06-30,45035393,,533570,935879495
Indonesia,Asia,279134505,2024-06-30,6829221,6647104,162063,114158919
Iran,Asia,86022837,2024-06-30,7627186,,146811,57320267
Iraq,Asia,42164965,2024-06-30,2465545,2439497,25375,19544451
Ireland,Europe,5020199,2024-06-30,1734582,1724921,9491,13083449
Isle-of-Man,Europe,85732,2024-06-30,38008,,116,150753
Israel,Asia,9326000,2024-06-30,4841772,4798473,12707,41373364
Italy,Europe,60262770,2024-06-30,26723249,26361218,196487,281126449
Ivory-Coast,Africa,27742298,2024-06-30,88384,87497,835,1690934
Jamaica,North-America,2985094,2024-06-30,156869,,3756,1183986
Japan,Asia,125584838,2024-06-30,33803572,,74694,100414883
Jordan,Asia,10300869,2024-06-30,1746997,1731007,14122,17201885
Kazakhstan,Asia,19205043,2024-06-30,1411831,1383020,13848,11575012
Kenya,Africa,56215221,2024-06-30,344130,337309,5689,3967062
Kiribati,Oceania,123419,2024-06-30,5085,2703,24,
Kuwait,Asia,4380326,2024-06-30,667158,,2570,8455743
Kyrgyzstan,Asia,6728271,2024-06-30,206897,196406,2991,1907195
Laos,Asia,7481023,2024-06-30,218970,,758,1233207
Latvia,Europe,1848837,2024-06-30,982505,971406,6715,7885792
Lebanon,Asia,6684849,2024-06-30,1243838,1087587,10952,4795578
Lesotho,Africa,2175699,2024-06-30,36138,25980,723,431221
Liberia,Africa,5305117,2024-06-30,8090,7783,295,139824
Libya,Africa,7040745,2024-06-30,507274,500835,6437,2483848
Liechtenstein,Europe,38387,2024-06-30,21574,,94,112457
Lithuania,Europe,2661708,2024-06-30,1397806,1387478,9897,10540357
Luxembourg,Europe,642371,2024-06-30,391232,,1232,4587145
MS-Zaandam,,,2024-06-30,9,7,2,
Macao,Asia,667490,2024-06-30,27673,3487,123,7850
Madagascar,Africa,29178077,2024-06-30,68486,66862,1426,531329
Malawi,Africa,20180839,2024-06-30,89535,,2686,624784
Malaysia,Asia,33181072,2024-06-30,5278406,5233268,37348,68580916
Maldives,Asia,540985,2024-06-30,186694,163687,316,2213831
Mali,Africa,21473764,2024-06-30,33164,32332,743,804909
Malta,Europe,444033,2024-06-30,121420,120149,885,2170600
Marshall-Islands,Oceania,60057,2024-06-30,16138,16121,17,
Martinique,North-America,374087,2024-06-30,230354,,1102,828928
Mauritania,Africa,4901981,2024-06-30,63848,62471,997,1009957
Mauritius,Africa,1274727,2024-06-30,43025,41278,1051,358675
Mayotte,Africa,286259,2024-06-30,42027,,188,176919
Mexico,North-America,131562772,2024-06-30,7702809,6899865,334958,20013810
Micronesia,Oceania,117489,2024-06-30,26547,,65,82430
Moldova,Europe,4013171,2024-06-30,635145,,12218,3216305
Monaco,Europe,39783,2024-06-30,17181,,67,78646
Mongolia,Asia,3378078,2024-06-30,1011496,1009212,2284,4030048
Montenegro,Europe,627950,2024-06-30,296542,291794,2846,2769281
Montserrat,North-America,4965,2024-06-30,1403,1376,8,17762
Morocco,Africa,37772756,2024-06-30,1278992,,16303,13001033
Mozambique,Africa,33089461,2024-06-30,233731,228805,2250,1371127
Myanmar,Asia,55227143,2024-06-30,641873,620159,19495,11711514
Namibia,Africa,2633874,2024-06-30,172389,167099,4106,1062663
Nauru,Oceania,10903,2024-06-30,5393,5347,1,20509
Nepal,Asia,30225582,2024-06-30,1003450,991322,12031,6047766
Netherlands,Europe,17211447,2024-06-30,8635786,8612599,22992,25984435
New-Caledonia,Oceania,290915,2024-06-30,80064,,314,98964
New-Zealand,Oceania,4898203,2024-06-30,2621111,2613791,5697,7768604
Nicaragua,North-America,6779100,2024-06-30,18491,4225,225,
Niger,Africa,26083660,2024-06-30,9931,8890,312,254538
Nigeria,Africa,216746934,2024-06-30,267188,259953,3155,5708974
Niue,Oceania,1622,2024-06-30,1059,1056,,
North-Macedonia,Europe,2081304,2024-06-30,350567,337068,9976,2226216
Norway,Europe,5511370,2024-06-30,1509732,1503094,6638,11002430
Oman,Asia,5323993,2024-06-30,399449,,4628,25000000
Pakistan,Asia,229488994,2024-06-30,1581936,1538689,30664,30589153
Palau,Oceania,18233,2024-06-30,6290,6276,10,71434
Palestine,Asia,5345541,2024-06-30,621008,615445,5404,3078533
Panama,North-America,4446964,2024-06-30,1059893,1051102,8727,7882622
Papua-New-Guinea,Oceania,9292169,2024-06-30,46864,46168,670,249149
Paraguay,South-America,7305843,2024-06-30,837602,,20155,2657506
Peru,South-America,33684208,2024-06-30,4572667,4350506,222161,39010194
Philippines,Asia,112508994,2024-06-30,4140383,4067381,66864,36102746
Poland,Europe,37739785,2024-06-30,6661991,,120598,39323709
Portugal,Europe,10140570,2024-06-30,5643062,5614809,28126,46139518
Qatar,Asia,2979915,2024-06-30,514524,513687,690,4065369
R&eacute;union,Africa,908061,2024-06-30,494595,,921,1603660
Romania,Europe,19031335,2024-06-30,3529735,3460149,68929,28758667
Russia,Europe,145805947,2024-06-30,24124215,23545818,402756,273400000
Rwanda,Africa,13600464,2024-06-30,133518,132039,1468,6021981
S-Korea,Asia,51329899,2024-06-30,34571873,34535939,35934,15804065
Saint-Helena,Africa,6115,2024-06-30,2166,2,,
Saint-Kitts-and-Nevis,North-America,53871,2024-06-30,6607,6559,48,126958
Saint-Lucia,North-America,185113,2024-06-30,30215,29805,410,210983
Saint-Martin,North-America,39730,2024-06-30,12324,,63,112382
Saint-Pierre-Miquelon,North-America,5759,2024-06-30,3452,2449,2,25400
Samoa,Oceania,202239,2024-06-30,17006,1605,31,187397
San-Marino,Europe,34085,2024-06-30,26185,26011,128,196855
Sao-Tome-and-Principe,Africa,227679,2024-06-30,6778,6685,80,29600
Saudi-Arabia,Asia,35844909,2024-06-30,841469,,9646,45481735
Senegal,Africa,17653671,2024-06-30,89053,87024,1971,1146543
Serbia,Europe,8653016,2024-06-30,2615054,2596608,18057,13463733
Seychelles,Africa,99426,2024-06-30,51220,51048,172,
Sierra-Leone,Africa,8306436,2024-06-30,7779,,126,259958
Singapore,Asia,5943546,2024-06-30,3006155,3004131,2024,24756666
Sint-Maarten,North-America,43966,2024-06-30,11051,10905,92,62056
Slovakia,Europe,5460193,2024-06-30,1877605,1856381,21224,7448789
Slovenia,Europe,2078034,2024-06-30,1356546,1349424,7100,2847701
Solomon-Islands,Oceania,721159,2024-06-30,25954,,199,
Somalia,Africa,16841795,2024-06-30,27334,13182,1361,400466
South-Africa,Africa,60756135,2024-06-30,4076463,3912506,102595,26795090
South-Sudan,Africa,11618511,2024-06-30,18819,18115,147,410280
Spain,Europe,46719142,2024-06-30,13914811,13762417,121760,471036328
Sri-Lanka,Asia,21575842,2024-06-30,672754,655852,16897,6486117
St-Barth,North-America,9945,2024-06-30,5507,,6,78646
St-Vincent-Grenadines,North-America,111551,2024-06-30,9674,9493,124,114197
Sudan,Africa,45992020,2024-06-30,63993,58947,5046,562941
Suriname,South-America,596831,2024-06-30,82588,,1408,242207
Sweden,Europe,10218971,2024-06-30,2754129,2726492,27407,19500873
Switzerland,Europe,8773637,2024-06-30,4453053,4438309,14452,23833472
Syria,Asia,19364809,2024-06-30,57743,54578,3165,146269
Taiwan,Asia,23888595,2024-06-30,10241523,10222518,19005,30742304
Tajikistan,Asia,9957464,2024-06-30,17786,17264,125,
Tanzania,Africa,63298550,2024-06-30,43223,,846,
Thailand,Asia,70078203,2024-06-30,4770149,4692636,34586,17273454
Timor-Leste,Asia,1369429,2024-06-30,23460,23102,138,278529
Togo,Africa,8680837,2024-06-30,39572,39281,290,815204
Tokelau,Oceania,1378,2024-06-30,80,,,
Tonga,Oceania,107749,2024-06-30,16950,15638,13,535009
Trinidad-and-Tobago,North-America,1406585,2024-06-30,191496,187078,4390,913289
Tunisia,Africa,12046656,2024-06-30,1153361,,29423,5013383
Turkey,Asia,85561976,2024-06-30,17232066,,102174,162743369
Turks-and-Caicos,North-America,39741,2024-06-30,6752,6709,40,616788
Tuvalu,Oceania,12066,2024-06-30,2943,,1,
UAE,Asia,10081785,2024-06-30,1067030,,2349,200732262
UK,Europe,68497907,2024-06-30,24910387,24678275,232112,522526476
USA,North-America,334805269,2024-06-30,111820082,109814428,1219487,1186851502
Uganda,Africa,48432863,2024-06-30,172149,100431,3632,3012408
Ukraine,Europe,43192122,2024-06-30,5557995,5445577,112418,32603805
Uruguay,South-America,3496016,2024-06-30,1041111,1030944,7664,6114822
Uzbekistan,Asia,34382084,2024-06-30,253662,241486,1637,1377915
Vanuatu,Oceania,321832,2024-06-30,12019,11976,14,24976
Vatican-City,Europe,799,2024-06-30,29,29,,
Venezuela,South-America,29266991,2024-06-30,552695,546537,5856,3359014
Vietnam,Asia,98953541,2024-06-30,11625195,10640971,43206,85826548
Wallis-and-Futuna,Oceania,10982,2024-06-30,3550,438,8,20508
Western-Sahara,Africa,626161,2024-06-30,10,9,1,
Yemen,Asia,31154867,2024-06-30,11945,9124,2159,329592
Zambia,Africa,19470234,2024-06-30,349304,341316,4069,4112961
Zimbabwe,Africa,15331428,2024-06-30,266359,258888,5740,2525756
